,id,name,duration
0,1,true (1).mp3,53
1,2,true (10).mp3,26
2,3,true (11).mp3,89
3,4,true (12).mp3,14
4,5,true (13).mp3,99
5,6,true (14).mp3,57
6,7,true (15).mp3,50
7,8,true (16).mp3,52
8,9,true (17).mp3,43
9,10,true (18).mp3,63
10,11,true (19).mp3,58
11,12,true (2).mp3,4
12,13,true (20).mp3,14
13,14,true (21).mp3,15
14,15,true (22).mp3,48
15,16,true (23).mp3,33
16,17,true (24).mp3,112
17,18,true (25).mp3,85
18,19,true (26).mp3,57
19,20,true (27).mp3,56
20,21,true (28).mp3,22
21,22,true (29).mp3,15
22,23,true (3).mp3,30
23,24,true (30).mp3,111
24,25,true (31).mp3,90
25,26,true (32).mp3,33
26,27,true (33).mp3,31
27,28,true (34).mp3,14
28,29,true (35).mp3,106
29,30,true (36).mp3,58
30,31,true (37).mp3,32
31,32,true (38).mp3,31
32,33,true (39).mp3,17
33,34,true (4).mp3,9
34,35,true (40).mp3,16
35,36,true (5).mp3,25
36,37,true (6).mp3,129
37,38,true (7).mp3,16
38,39,true (8).mp3,7
39,40,true (9).mp3,7
40,41,TrueSilent (1).mp3,171
41,42,TrueSilent (10).mp3,125
42,43,TrueSilent (11).mp3,216
43,44,TrueSilent (12).mp3,56
44,45,TrueSilent (13).mp3,42
45,46,TrueSilent (14).mp3,118
46,47,TrueSilent (15).mp3,21
47,48,TrueSilent (16).mp3,147
48,49,TrueSilent (17).mp3,20
49,50,TrueSilent (18).mp3,60
50,51,TrueSilent (19).mp3,142
51,52,TrueSilent (2).mp3,95
52,53,TrueSilent (20).mp3,88
53,54,TrueSilent (21).mp3,58
54,55,TrueSilent (22).mp3,103
55,56,TrueSilent (23).mp3,151
56,57,TrueSilent (24).mp3,135
57,58,TrueSilent (25).mp3,60
58,59,TrueSilent (26).mp3,18
59,60,TrueSilent (27).mp3,178
60,61,TrueSilent (28).mp3,98
61,62,TrueSilent (29).mp3,221
62,63,TrueSilent (3).mp3,60
63,64,TrueSilent (30).mp3,50
64,65,TrueSilent (31).mp3,137
65,66,TrueSilent (32).mp3,67
66,67,TrueSilent (33).mp3,7
67,68,TrueSilent (34).mp3,165
68,69,TrueSilent (35).mp3,27
69,70,TrueSilent (36).mp3,37
70,71,TrueSilent (37).mp3,73
71,72,TrueSilent (38).mp3,135
72,73,TrueSilent (39).mp3,30
73,74,TrueSilent (4).mp3,78
74,75,TrueSilent (40).mp3,121
75,76,TrueSilent (41).mp3,141
76,77,TrueSilent (42).mp3,154
77,78,TrueSilent (43).mp3,142
78,79,TrueSilent (44).mp3,34
79,80,TrueSilent (45).mp3,95
80,81,TrueSilent (46).mp3,167
81,82,TrueSilent (47).mp3,281
82,83,TrueSilent (48).mp3,43
83,84,TrueSilent (49).mp3,28
84,85,TrueSilent (5).mp3,76
85,86,TrueSilent (50).mp3,100
86,87,TrueSilent (51).mp3,7
87,88,TrueSilent (52).mp3,59
88,89,TrueSilent (53).mp3,68
89,90,TrueSilent (54).mp3,75
90,91,TrueSilent (55).mp3,11
91,92,TrueSilent (56).mp3,114
92,93,TrueSilent (57).mp3,82
93,94,TrueSilent (58).mp3,292
94,95,TrueSilent (59).mp3,101
95,96,TrueSilent (6).mp3,84
96,97,TrueSilent (60).mp3,55
97,98,TrueSilent (61).mp3,88
98,99,TrueSilent (62).mp3,51
99,100,TrueSilent (63).mp3,73
100,101,TrueSilent (64).mp3,37
101,102,TrueSilent (65).mp3,142
102,103,TrueSilent (66).mp3,239
103,104,TrueSilent (67).mp3,45
104,105,TrueSilent (68).mp3,76
105,106,TrueSilent (69).mp3,311
106,107,TrueSilent (7).mp3,281
107,108,TrueSilent (70).mp3,369
108,109,TrueSilent (71).mp3,402
109,110,TrueSilent (72).mp3,86
110,111,TrueSilent (73).mp3,38
111,112,TrueSilent (74).mp3,44
112,113,TrueSilent (75).mp3,44
113,114,TrueSilent (76).mp3,34
114,115,TrueSilent (77).mp3,31
115,116,TrueSilent (78).mp3,76
116,117,TrueSilent (8).mp3,111
117,118,TrueSilent (9).mp3,92
118,119,TrueSounds (1).mp3,53
119,120,TrueSounds (10).mp3,9
120,121,TrueSounds (100).mp3,52
121,122,TrueSounds (101).mp3,67
122,123,TrueSounds (102).mp3,127
123,124,TrueSounds (103).mp3,31
124,125,TrueSounds (104).mp3,17
125,126,TrueSounds (105).mp3,84
126,127,TrueSounds (106).mp3,12
127,128,TrueSounds (107).mp3,53
128,129,TrueSounds (108).mp3,74
129,130,TrueSounds (109).mp3,15
130,131,TrueSounds (11).mp3,25
131,132,TrueSounds (110).mp3,43
132,133,TrueSounds (111).mp3,47
133,134,TrueSounds (112).mp3,22
134,135,TrueSounds (113).mp3,24
135,136,TrueSounds (114).mp3,40
136,137,TrueSounds (115).mp3,20
137,138,TrueSounds (116).mp3,35
138,139,TrueSounds (117).mp3,92
139,140,TrueSounds (118).mp3,32
140,141,TrueSounds (119).mp3,47
141,142,TrueSounds (12).mp3,129
142,143,TrueSounds (120).mp3,120
143,144,TrueSounds (121).mp3,75
144,145,TrueSounds (122).mp3,12
145,146,TrueSounds (123).mp3,84
146,147,TrueSounds (124).mp3,50
147,148,TrueSounds (13).mp3,16
148,149,TrueSounds (14).mp3,7
149,150,TrueSounds (15).mp3,67
150,151,TrueSounds (16).mp3,7
151,152,TrueSounds (17).mp3,26
152,153,TrueSounds (18).mp3,180
153,154,TrueSounds (19).mp3,31
154,155,TrueSounds (2).mp3,4
155,156,TrueSounds (20).mp3,13
156,157,TrueSounds (21).mp3,89
157,158,TrueSounds (22).mp3,14
158,159,TrueSounds (23).mp3,99
159,160,TrueSounds (24).mp3,344
160,161,TrueSounds (25).mp3,57
161,162,TrueSounds (26).mp3,50
162,163,TrueSounds (27).mp3,52
163,164,TrueSounds (28).mp3,43
164,165,TrueSounds (29).mp3,128
165,166,TrueSounds (3).mp3,58
166,167,TrueSounds (30).mp3,63
167,168,TrueSounds (31).mp3,21
168,169,TrueSounds (32).mp3,53
169,170,TrueSounds (33).mp3,58
170,171,TrueSounds (34).mp3,14
171,172,TrueSounds (35).mp3,45
172,173,TrueSounds (36).mp3,15
173,174,TrueSounds (37).mp3,48
174,175,TrueSounds (38).mp3,37
175,176,TrueSounds (39).mp3,45
176,177,TrueSounds (4).mp3,80
177,178,TrueSounds (40).mp3,33
178,179,TrueSounds (41).mp3,54
179,180,TrueSounds (42).mp3,20
180,181,TrueSounds (43).mp3,112
181,182,TrueSounds (44).mp3,42
182,183,TrueSounds (45).mp3,11
183,184,TrueSounds (46).mp3,8
184,185,TrueSounds (47).mp3,50
185,186,TrueSounds (48).mp3,22
186,187,TrueSounds (49).mp3,32
187,188,TrueSounds (5).mp3,16
188,189,TrueSounds (50).mp3,73
189,190,TrueSounds (51).mp3,36
190,191,TrueSounds (52).mp3,85
191,192,TrueSounds (53).mp3,12
192,193,TrueSounds (54).mp3,9
193,194,TrueSounds (55).mp3,6
194,195,TrueSounds (56).mp3,42
195,196,TrueSounds (57).mp3,57
196,197,TrueSounds (58).mp3,56
197,198,TrueSounds (59).mp3,66
198,199,TrueSounds (6).mp3,19
199,200,TrueSounds (60).mp3,22
200,201,TrueSounds (61).mp3,15
201,202,TrueSounds (62).mp3,20
202,203,TrueSounds (63).mp3,111
203,204,TrueSounds (64).mp3,90
204,205,TrueSounds (65).mp3,67
205,206,TrueSounds (66).mp3,33
206,207,TrueSounds (67).mp3,41
207,208,TrueSounds (68).mp3,54
208,209,TrueSounds (69).mp3,7
209,210,TrueSounds (7).mp3,30
210,211,TrueSounds (70).mp3,31
211,212,TrueSounds (71).mp3,23
212,213,TrueSounds (72).mp3,14
213,214,TrueSounds (73).mp3,106
214,215,TrueSounds (74).mp3,58
215,216,TrueSounds (75).mp3,32
216,217,TrueSounds (76).mp3,31
217,218,TrueSounds (77).mp3,17
218,219,TrueSounds (78).mp3,16
219,220,TrueSounds (79).mp3,43
220,221,TrueSounds (8).mp3,12
221,222,TrueSounds (80).mp3,39
222,223,TrueSounds (81).mp3,23
223,224,TrueSounds (82).mp3,49
224,225,TrueSounds (83).mp3,82
225,226,TrueSounds (84).mp3,14
226,227,TrueSounds (85).mp3,65
227,228,TrueSounds (86).mp3,49
228,229,TrueSounds (87).mp3,123
229,230,TrueSounds (88).mp3,90
230,231,TrueSounds (89).mp3,45
231,232,TrueSounds (9).mp3,23
232,233,TrueSounds (90).mp3,60
233,234,TrueSounds (91).mp3,46
234,235,TrueSounds (92).mp3,98
235,236,TrueSounds (93).mp3,95
236,237,TrueSounds (94).mp3,77
237,238,TrueSounds (95).mp3,106
238,239,TrueSounds (96).mp3,86
239,240,TrueSounds (97).mp3,294
240,241,TrueSounds (98).mp3,293
241,242,TrueSounds (99).mp3,66
242,243,TrueSpeech (1).mp3,23
243,244,TrueSpeech (10).mp3,41
244,245,TrueSpeech (100).mp3,69
245,246,TrueSpeech (101).mp3,42
246,247,TrueSpeech (102).mp3,24
247,248,TrueSpeech (103).mp3,12
248,249,TrueSpeech (104).mp3,15
249,250,TrueSpeech (105).mp3,23
250,251,TrueSpeech (106).mp3,10
251,252,TrueSpeech (107).mp3,36
252,253,TrueSpeech (108).mp3,17
253,254,TrueSpeech (109).mp3,27
254,255,TrueSpeech (11).mp3,20
255,256,TrueSpeech (110).mp3,45
256,257,TrueSpeech (111).mp3,41
257,258,TrueSpeech (112).mp3,33
258,259,TrueSpeech (113).mp3,6
259,260,TrueSpeech (114).mp3,11
260,261,TrueSpeech (115).mp3,23
261,262,TrueSpeech (116).mp3,485
262,263,TrueSpeech (117).mp3,10
263,264,TrueSpeech (118).mp3,46
264,265,TrueSpeech (119).mp3,12
265,266,TrueSpeech (12).mp3,49
266,267,TrueSpeech (120).mp3,12
267,268,TrueSpeech (121).mp3,26
268,269,TrueSpeech (122).mp3,202
269,270,TrueSpeech (123).mp3,42
270,271,TrueSpeech (124).mp3,44
271,272,TrueSpeech (125).mp3,39
272,273,TrueSpeech (126).mp3,94
273,274,TrueSpeech (127).mp3,40
274,275,TrueSpeech (128).mp3,12
275,276,TrueSpeech (129).mp3,7
276,277,TrueSpeech (13).mp3,12
277,278,TrueSpeech (130).mp3,9
278,279,TrueSpeech (131).mp3,24
279,280,TrueSpeech (132).mp3,16
280,281,TrueSpeech (133).mp3,21
281,282,TrueSpeech (134).mp3,22
282,283,TrueSpeech (135).mp3,10
283,284,TrueSpeech (136).mp3,86
284,285,TrueSpeech (137).mp3,23
285,286,TrueSpeech (138).mp3,93
286,287,TrueSpeech (139).mp3,14
287,288,TrueSpeech (14).mp3,11
288,289,TrueSpeech (140).mp3,46
289,290,TrueSpeech (141).mp3,10
290,291,TrueSpeech (142).mp3,26
291,292,TrueSpeech (143).mp3,28
292,293,TrueSpeech (144).mp3,16
293,294,TrueSpeech (145).mp3,32
294,295,TrueSpeech (146).mp3,12
295,296,TrueSpeech (147).mp3,43
296,297,TrueSpeech (148).mp3,27
297,298,TrueSpeech (149).mp3,52
298,299,TrueSpeech (15).mp3,19
299,300,TrueSpeech (150).mp3,35
300,301,TrueSpeech (151).mp3,21
301,302,TrueSpeech (152).mp3,53
302,303,TrueSpeech (153).mp3,14
303,304,TrueSpeech (154).mp3,31
304,305,TrueSpeech (155).mp3,20
305,306,TrueSpeech (156).mp3,76
306,307,TrueSpeech (157).mp3,20
307,308,TrueSpeech (158).mp3,49
308,309,TrueSpeech (159).mp3,67
309,310,TrueSpeech (16).mp3,34
310,311,TrueSpeech (160).mp3,71
311,312,TrueSpeech (161).mp3,28
312,313,TrueSpeech (162).mp3,44
313,314,TrueSpeech (163).mp3,209
314,315,TrueSpeech (164).mp3,31
315,316,TrueSpeech (165).mp3,7
316,317,TrueSpeech (166).mp3,18
317,318,TrueSpeech (167).mp3,53
318,319,TrueSpeech (168).mp3,24
319,320,TrueSpeech (169).mp3,42
320,321,TrueSpeech (17).mp3,66
321,322,TrueSpeech (170).mp3,57
322,323,TrueSpeech (171).mp3,67
323,324,TrueSpeech (172).mp3,48
324,325,TrueSpeech (173).mp3,66
325,326,TrueSpeech (174).mp3,98
326,327,TrueSpeech (175).mp3,42
327,328,TrueSpeech (176).mp3,39
328,329,TrueSpeech (177).mp3,93
329,330,TrueSpeech (178).mp3,26
330,331,TrueSpeech (179).mp3,51
331,332,TrueSpeech (18).mp3,13
332,333,TrueSpeech (180).mp3,18
333,334,TrueSpeech (181).mp3,14
334,335,TrueSpeech (182).mp3,47
335,336,TrueSpeech (183).mp3,23
336,337,TrueSpeech (184).mp3,20
337,338,TrueSpeech (185).mp3,34
338,339,TrueSpeech (186).mp3,13
339,340,TrueSpeech (187).mp3,36
340,341,TrueSpeech (188).mp3,82
341,342,TrueSpeech (189).mp3,16
342,343,TrueSpeech (19).mp3,20
343,344,TrueSpeech (190).mp3,20
344,345,TrueSpeech (191).mp3,59
345,346,TrueSpeech (192).mp3,29
346,347,TrueSpeech (193).mp3,16
347,348,TrueSpeech (194).mp3,185
348,349,TrueSpeech (195).mp3,85
349,350,TrueSpeech (196).mp3,29
350,351,TrueSpeech (197).mp3,12
351,352,TrueSpeech (198).mp3,67
352,353,TrueSpeech (199).mp3,11
353,354,TrueSpeech (2).mp3,71
354,355,TrueSpeech (20).mp3,11
355,356,TrueSpeech (200).mp3,10
356,357,TrueSpeech (201).mp3,12
357,358,TrueSpeech (202).mp3,33
358,359,TrueSpeech (203).mp3,19
359,360,TrueSpeech (204).mp3,79
360,361,TrueSpeech (205).mp3,31
361,362,TrueSpeech (206).mp3,10
362,363,TrueSpeech (207).mp3,14
363,364,TrueSpeech (208).mp3,13
364,365,TrueSpeech (209).mp3,36
365,366,TrueSpeech (21).mp3,22
366,367,TrueSpeech (210).mp3,9
367,368,TrueSpeech (211).mp3,72
368,369,TrueSpeech (212).mp3,15
369,370,TrueSpeech (213).mp3,70
370,371,TrueSpeech (214).mp3,26
371,372,TrueSpeech (215).mp3,35
372,373,TrueSpeech (216).mp3,37
373,374,TrueSpeech (217).mp3,28
374,375,TrueSpeech (218).mp3,16
375,376,TrueSpeech (219).mp3,32
376,377,TrueSpeech (22).mp3,14
377,378,TrueSpeech (220).mp3,37
378,379,TrueSpeech (221).mp3,106
379,380,TrueSpeech (222).mp3,31
380,381,TrueSpeech (223).mp3,27
381,382,TrueSpeech (224).mp3,53
382,383,TrueSpeech (225).mp3,15
383,384,TrueSpeech (226).mp3,50
384,385,TrueSpeech (227).mp3,29
385,386,TrueSpeech (228).mp3,22
386,387,TrueSpeech (229).mp3,83
387,388,TrueSpeech (23).mp3,35
388,389,TrueSpeech (230).mp3,35
389,390,TrueSpeech (231).mp3,87
390,391,TrueSpeech (232).mp3,19
391,392,TrueSpeech (233).mp3,23
392,393,TrueSpeech (234).mp3,27
393,394,TrueSpeech (235).mp3,21
394,395,TrueSpeech (236).mp3,105
395,396,TrueSpeech (237).mp3,51
396,397,TrueSpeech (238).mp3,25
397,398,TrueSpeech (239).mp3,33
398,399,TrueSpeech (24).mp3,20
399,400,TrueSpeech (25).mp3,32
400,401,TrueSpeech (26).mp3,60
401,402,TrueSpeech (27).mp3,30
402,403,TrueSpeech (28).mp3,17
403,404,TrueSpeech (29).mp3,48
404,405,TrueSpeech (3).mp3,33
405,406,TrueSpeech (30).mp3,31
406,407,TrueSpeech (31).mp3,43
407,408,TrueSpeech (32).mp3,24
408,409,TrueSpeech (33).mp3,23
409,410,TrueSpeech (34).mp3,34
410,411,TrueSpeech (35).mp3,45
411,412,TrueSpeech (36).mp3,13
412,413,TrueSpeech (37).mp3,12
413,414,TrueSpeech (38).mp3,59
414,415,TrueSpeech (39).mp3,36
415,416,TrueSpeech (4).mp3,32
416,417,TrueSpeech (40).mp3,37
417,418,TrueSpeech (41).mp3,35
418,419,TrueSpeech (42).mp3,28
419,420,TrueSpeech (43).mp3,158
420,421,TrueSpeech (44).mp3,18
421,422,TrueSpeech (45).mp3,8
422,423,TrueSpeech (46).mp3,37
423,424,TrueSpeech (47).mp3,21
424,425,TrueSpeech (48).mp3,9
425,426,TrueSpeech (49).mp3,31
426,427,TrueSpeech (5).mp3,35
427,428,TrueSpeech (50).mp3,74
428,429,TrueSpeech (51).mp3,13
429,430,TrueSpeech (52).mp3,19
430,431,TrueSpeech (53).mp3,19
431,432,TrueSpeech (54).mp3,6
432,433,TrueSpeech (55).mp3,38
433,434,TrueSpeech (56).mp3,19
434,435,TrueSpeech (57).mp3,21
435,436,TrueSpeech (58).mp3,14
436,437,TrueSpeech (59).mp3,27
437,438,TrueSpeech (6).mp3,28
438,439,TrueSpeech (60).mp3,28
439,440,TrueSpeech (61).mp3,36
440,441,TrueSpeech (62).mp3,58
441,442,TrueSpeech (63).mp3,108
442,443,TrueSpeech (64).mp3,22
443,444,TrueSpeech (65).mp3,66
444,445,TrueSpeech (66).mp3,112
445,446,TrueSpeech (67).mp3,19
446,447,TrueSpeech (68).mp3,38
447,448,TrueSpeech (69).mp3,56
448,449,TrueSpeech (7).mp3,96
449,450,TrueSpeech (70).mp3,23
450,451,TrueSpeech (71).mp3,95
451,452,TrueSpeech (72).mp3,13
452,453,TrueSpeech (73).mp3,24
453,454,TrueSpeech (74).mp3,11
454,455,TrueSpeech (75).mp3,33
455,456,TrueSpeech (76).mp3,18
456,457,TrueSpeech (77).mp3,9
457,458,TrueSpeech (78).mp3,11
458,459,TrueSpeech (79).mp3,15
459,460,TrueSpeech (8).mp3,15
460,461,TrueSpeech (80).mp3,8
461,462,TrueSpeech (81).mp3,14
462,463,TrueSpeech (82).mp3,14
463,464,TrueSpeech (83).mp3,56
464,465,TrueSpeech (84).mp3,45
465,466,TrueSpeech (85).mp3,10
466,467,TrueSpeech (86).mp3,31
467,468,TrueSpeech (87).mp3,9
468,469,TrueSpeech (88).mp3,18
469,470,TrueSpeech (89).mp3,17
470,471,TrueSpeech (9).mp3,4
471,472,TrueSpeech (90).mp3,26
472,473,TrueSpeech (91).mp3,14
473,474,TrueSpeech (92).mp3,16
474,475,TrueSpeech (93).mp3,38
475,476,TrueSpeech (94).mp3,18
476,477,TrueSpeech (95).mp3,13
477,478,TrueSpeech (96).mp3,16
478,479,TrueSpeech (97).mp3,23
479,480,TrueSpeech (98).mp3,53
480,481,TrueSpeech (99).mp3,40
